<metadata xml:lang="nb"><Esri><CreaDate>20250317</CreaDate><CreaTime>20333100</CreaTime><ArcGISFormat>1.0</ArcGISFormat><SyncOnce>FALSE</SyncOnce><DataProperties><itemProps><itemName Sync="TRUE">N50_Lakes</itemName><imsContentType Sync="TRUE">002</imsContentType><itemLocation><linkage Sync="TRUE">file://\\VILLINKI\Users\lucg\OneDrive - Universitetet i Oslo\GEO3460\GIS-LAB\GIS8_PathFinder\N50_Lakes.shp</linkage><protocol Sync="TRUE">Local Area Network</protocol></itemLocation><itemSize Sync="TRUE">0.000</itemSize></itemProps><coordRef><type Sync="TRUE">Projected</type><geogcsn Sync="TRUE">GCS_ETRS_1989</geogcsn><csUnits Sync="TRUE">Linear Unit: Meter (1.000000)</csUnits><projcsn Sync="TRUE">ETRS_1989_UTM_Zone_33N</projcsn><peXml Sync="TRUE">&lt;ProjectedCoordinateSystem xsi:type='typens:ProjectedCoordinateSystem' xmlns:xsi='http://www.w3.org/2001/XMLSchema-instance' xmlns:xs='http://www.w3.org/2001/XMLSchema' xmlns:typens='http://www.esri.com/schemas/ArcGIS/3.4.0'&gt;&lt;WKT&gt;PROJCS[&amp;quot;ETRS_1989_UTM_Zone_33N&amp;quot;,GEOGCS[&amp;quot;GCS_ETRS_1989&amp;quot;,DATUM[&amp;quot;D_ETRS_1989&amp;quot;,SPHEROID[&amp;quot;GRS_1980&amp;quot;,6378137.0,298.257222101]],PRIMEM[&amp;quot;Greenwich&amp;quot;,0.0],UNIT[&amp;quot;Degree&amp;quot;,0.0174532925199433]],PROJECTION[&amp;quot;Transverse_Mercator&amp;quot;],PARAMETER[&amp;quot;False_Easting&amp;quot;,500000.0],PARAMETER[&amp;quot;False_Northing&amp;quot;,0.0],PARAMETER[&amp;quot;Central_Meridian&amp;quot;,15.0],PARAMETER[&amp;quot;Scale_Factor&amp;quot;,0.9996],PARAMETER[&amp;quot;Latitude_Of_Origin&amp;quot;,0.0],UNIT[&amp;quot;Meter&amp;quot;,1.0],AUTHORITY[&amp;quot;EPSG&amp;quot;,25833]]&lt;/WKT&gt;&lt;XOrigin&gt;-5120900&lt;/XOrigin&gt;&lt;YOrigin&gt;-9998100&lt;/YOrigin&gt;&lt;XYScale&gt;450445547.3910538&lt;/XYScale&gt;&lt;ZOrigin&gt;-100000&lt;/ZOrigin&gt;&lt;ZScale&gt;10000&lt;/ZScale&gt;&lt;MOrigin&gt;-100000&lt;/MOrigin&gt;&lt;MScale&gt;10000&lt;/MScale&gt;&lt;XYTolerance&gt;0.001&lt;/XYTolerance&gt;&lt;ZTolerance&gt;0.001&lt;/ZTolerance&gt;&lt;MTolerance&gt;0.001&lt;/MTolerance&gt;&lt;HighPrecision&gt;true&lt;/HighPrecision&gt;&lt;WKID&gt;25833&lt;/WKID&gt;&lt;LatestWKID&gt;25833&lt;/LatestWKID&gt;&lt;/ProjectedCoordinateSystem&gt;</peXml></coordRef><lineage><Process ToolSource="c:\program files\arcgis\pro\Resources\ArcToolbox\toolboxes\Conversion Tools.tbx\ExportFeatures" Date="20250317" Time="203333">ExportFeatures N50_Arealdekke_omrade \\kant.uio.no\geo-geofag-u1\lucg\pc\Dokumenter\ArcGIS\Projects\GIS8_PathFinding\GIS8_PathFinding.gdb\N50_Lakes # NOT_USE_ALIAS "objtype "objtype" true true false 32 Text 0 0,First,#,N50_Arealdekke_omrade,objtype,0,31;oppdateringsdato "oppdateringsdato" true true false 8 Date 0 0,First,#,N50_Arealdekke_omrade,oppdateringsdato,-1,-1;lufthavneier "lufthavneier" true true false 60 Text 0 0,First,#,N50_Arealdekke_omrade,lufthavneier,0,59;navn "navn" true true false 255 Text 0 0,First,#,N50_Arealdekke_omrade,navn,0,254;retningsverdi "retningsverdi" true true false 4 Long 0 0,First,#,N50_Arealdekke_omrade,retningsverdi,-1,-1;datafangstdato "datafangstdato" true true false 8 Date 0 0,First,#,N50_Arealdekke_omrade,datafangstdato,-1,-1;lufthavntype "lufthavntype" true true false 1 Text 0 0,First,#,N50_Arealdekke_omrade,lufthavntype,0,0;trafikktype "trafikktype" true true false 255 Text 0 0,First,#,N50_Arealdekke_omrade,trafikktype,0,254;iatakode "iatakode" true true false 3 Text 0 0,First,#,N50_Arealdekke_omrade,iatakode,0,2;icaokode "icaokode" true true false 4 Text 0 0,First,#,N50_Arealdekke_omrade,icaokode,0,3;retningsenhet "retningsenhet" true true false 4 Long 0 0,First,#,N50_Arealdekke_omrade,retningsenhet,-1,-1;retningsreferanse "retningsreferanse" true true false 4 Long 0 0,First,#,N50_Arealdekke_omrade,retningsreferanse,-1,-1;vatnlopenummer "vatnlopenummer" true true false 4 Long 0 0,First,#,N50_Arealdekke_omrade,vatnlopenummer,-1,-1;hoyde "høyde" true true false 4 Long 0 0,First,#,N50_Arealdekke_omrade,hoyde,-1,-1;lavesteregulertevannstand "lavesteregulertevannstand" true true false 4 Long 0 0,First,#,N50_Arealdekke_omrade,lavesteregulertevannstand,-1,-1;SHAPE_Length "SHAPE_Length" false true true 8 Double 0 0,First,#,N50_Arealdekke_omrade,SHAPE_Length,-1,-1;SHAPE_Area "SHAPE_Area" false true true 8 Double 0 0,First,#,N50_Arealdekke_omrade,SHAPE_Area,-1,-1" #</Process><Process ToolSource="c:\program files\arcgis\pro\Resources\ArcToolbox\toolboxes\Conversion Tools.tbx\ExportFeatures" Date="20250317" Time="203608">ExportFeatures \\kant.uio.no\geo-geofag-u1\lucg\pc\Dokumenter\ArcGIS\Projects\GIS8_PathFinding\GIS8_PathFinding.gdb\N50_Lakes "C:\Users\lucg\OneDrive - Universitetet i Oslo\GEO3460\GIS-LAB\GIS8_PathFinder\N50_Lakes.shp" # NOT_USE_ALIAS "objtype "objtype" true true false 32 Text 0 0,First,#,\\kant.uio.no\geo-geofag-u1\lucg\pc\Dokumenter\ArcGIS\Projects\GIS8_PathFinding\GIS8_PathFinding.gdb\N50_Lakes,objtype,0,31;oppdateringsdato "oppdateringsdato" true true false 8 Date 0 0,First,#,\\kant.uio.no\geo-geofag-u1\lucg\pc\Dokumenter\ArcGIS\Projects\GIS8_PathFinding\GIS8_PathFinding.gdb\N50_Lakes,oppdateringsdato,-1,-1;lufthavneier "lufthavneier" true true false 60 Text 0 0,First,#,\\kant.uio.no\geo-geofag-u1\lucg\pc\Dokumenter\ArcGIS\Projects\GIS8_PathFinding\GIS8_PathFinding.gdb\N50_Lakes,lufthavneier,0,59;navn "navn" true true false 255 Text 0 0,First,#,\\kant.uio.no\geo-geofag-u1\lucg\pc\Dokumenter\ArcGIS\Projects\GIS8_PathFinding\GIS8_PathFinding.gdb\N50_Lakes,navn,0,254;retningsverdi "retningsverdi" true true false 4 Long 0 0,First,#,\\kant.uio.no\geo-geofag-u1\lucg\pc\Dokumenter\ArcGIS\Projects\GIS8_PathFinding\GIS8_PathFinding.gdb\N50_Lakes,retningsverdi,-1,-1;datafangstdato "datafangstdato" true true false 8 Date 0 0,First,#,\\kant.uio.no\geo-geofag-u1\lucg\pc\Dokumenter\ArcGIS\Projects\GIS8_PathFinding\GIS8_PathFinding.gdb\N50_Lakes,datafangstdato,-1,-1;lufthavntype "lufthavntype" true true false 1 Text 0 0,First,#,\\kant.uio.no\geo-geofag-u1\lucg\pc\Dokumenter\ArcGIS\Projects\GIS8_PathFinding\GIS8_PathFinding.gdb\N50_Lakes,lufthavntype,0,254;trafikktype "trafikktype" true true false 255 Text 0 0,First,#,\\kant.uio.no\geo-geofag-u1\lucg\pc\Dokumenter\ArcGIS\Projects\GIS8_PathFinding\GIS8_PathFinding.gdb\N50_Lakes,trafikktype,0,254;iatakode "iatakode" true true false 3 Text 0 0,First,#,\\kant.uio.no\geo-geofag-u1\lucg\pc\Dokumenter\ArcGIS\Projects\GIS8_PathFinding\GIS8_PathFinding.gdb\N50_Lakes,iatakode,0,2;icaokode "icaokode" true true false 4 Text 0 0,First,#,\\kant.uio.no\geo-geofag-u1\lucg\pc\Dokumenter\ArcGIS\Projects\GIS8_PathFinding\GIS8_PathFinding.gdb\N50_Lakes,icaokode,0,3;retningsenhet "retningsenhet" true true false 4 Long 0 0,First,#,\\kant.uio.no\geo-geofag-u1\lucg\pc\Dokumenter\ArcGIS\Projects\GIS8_PathFinding\GIS8_PathFinding.gdb\N50_Lakes,retningsenhet,-1,-1;retningsreferanse "retningsreferanse" true true false 4 Long 0 0,First,#,\\kant.uio.no\geo-geofag-u1\lucg\pc\Dokumenter\ArcGIS\Projects\GIS8_PathFinding\GIS8_PathFinding.gdb\N50_Lakes,retningsreferanse,-1,-1;vatnlopenummer "vatnlopenummer" true true false 4 Long 0 0,First,#,\\kant.uio.no\geo-geofag-u1\lucg\pc\Dokumenter\ArcGIS\Projects\GIS8_PathFinding\GIS8_PathFinding.gdb\N50_Lakes,vatnlopenummer,-1,-1;hoyde "høyde" true true false 4 Long 0 0,First,#,\\kant.uio.no\geo-geofag-u1\lucg\pc\Dokumenter\ArcGIS\Projects\GIS8_PathFinding\GIS8_PathFinding.gdb\N50_Lakes,hoyde,-1,-1;lavesteregulertevannstand "lavesteregulertevannstand" true true false 4 Long 0 0,First,#,\\kant.uio.no\geo-geofag-u1\lucg\pc\Dokumenter\ArcGIS\Projects\GIS8_PathFinding\GIS8_PathFinding.gdb\N50_Lakes,lavesteregulertevannstand,-1,-1;Shape_Length "Shape_Length" false true true 8 Double 0 0,First,#,\\kant.uio.no\geo-geofag-u1\lucg\pc\Dokumenter\ArcGIS\Projects\GIS8_PathFinding\GIS8_PathFinding.gdb\N50_Lakes,Shape_Length,-1,-1;Shape_Area "Shape_Area" false true true 8 Double 0 0,First,#,\\kant.uio.no\geo-geofag-u1\lucg\pc\Dokumenter\ArcGIS\Projects\GIS8_PathFinding\GIS8_PathFinding.gdb\N50_Lakes,Shape_Area,-1,-1" #</Process></lineage></DataProperties><SyncDate>20250317</SyncDate><SyncTime>20360800</SyncTime><ModDate>20250317</ModDate><ModTime>20360800</ModTime></Esri><dataIdInfo><envirDesc Sync="TRUE">Microsoft Windows 10 Version 10.0 (Build 19045) ; Esri ArcGIS 13.4.0.55405</envirDesc><dataLang><languageCode value="nob" Sync="TRUE"></languageCode><countryCode value="NOR" Sync="TRUE"></countryCode></dataLang><idCitation><resTitle Sync="TRUE">N50_Lakes</resTitle><presForm><PresFormCd value="005" Sync="TRUE"></PresFormCd></presForm></idCitation><spatRpType><SpatRepTypCd value="001" Sync="TRUE"></SpatRepTypCd></spatRpType></dataIdInfo><mdLang><languageCode value="nob" Sync="TRUE"></languageCode><countryCode value="NOR" Sync="TRUE"></countryCode></mdLang><distInfo><distFormat><formatName Sync="TRUE">Shapefile</formatName></distFormat><distTranOps><transSize Sync="TRUE">0.000</transSize></distTranOps></distInfo><mdHrLv><ScopeCd value="005" Sync="TRUE"></ScopeCd></mdHrLv><mdHrLvName Sync="TRUE">dataset</mdHrLvName><refSysInfo><RefSystem><refSysID><identCode code="25833" Sync="TRUE"></identCode><idCodeSpace Sync="TRUE">EPSG</idCodeSpace><idVersion Sync="TRUE">4.3(4.0.0)</idVersion></refSysID></RefSystem></refSysInfo><spatRepInfo><VectSpatRep><geometObjs Name="N50_Lakes"><geoObjTyp><GeoObjTypCd value="002" Sync="TRUE"></GeoObjTypCd></geoObjTyp><geoObjCnt Sync="TRUE">0</geoObjCnt></geometObjs><topLvl><TopoLevCd value="001" Sync="TRUE"></TopoLevCd></topLvl></VectSpatRep></spatRepInfo><spdoinfo><ptvctinf><esriterm Name="N50_Lakes"><efeatyp Sync="TRUE">Simple</efeatyp><efeageom code="4" Sync="TRUE"></efeageom><esritopo Sync="TRUE">FALSE</esritopo><efeacnt Sync="TRUE">0</efeacnt><spindex Sync="TRUE">FALSE</spindex><linrefer Sync="TRUE">FALSE</linrefer></esriterm></ptvctinf></spdoinfo><eainfo><detailed Name="N50_Lakes"><enttyp><enttypl Sync="TRUE">N50_Lakes</enttypl><enttypt Sync="TRUE">Feature Class</enttypt><enttypc Sync="TRUE">0</enttypc></enttyp><attr><attrlabl Sync="TRUE">FID</attrlabl><attalias Sync="TRUE">FID</attalias><attrtype Sync="TRUE">OID</attrtype><attwidth Sync="TRUE">4</attwidth><atprecis Sync="TRUE">0</atprecis><attscale Sync="TRUE">0</attscale><attrdef Sync="TRUE">Internal feature number.</attrdef><attrdefs Sync="TRUE">Esri</attrdefs><attrdomv><udom Sync="TRUE">Sequential unique whole numbers that are automatically generated.</udom></attrdomv></attr><attr><attrlabl Sync="TRUE">Shape</attrlabl><attalias Sync="TRUE">Shape</attalias><attrtype Sync="TRUE">Geometry</attrtype><attwidth Sync="TRUE">0</attwidth><atprecis Sync="TRUE">0</atprecis><attscale Sync="TRUE">0</attscale><attrdef Sync="TRUE">Feature geometry.</attrdef><attrdefs Sync="TRUE">Esri</attrdefs><attrdomv><udom Sync="TRUE">Coordinates defining the features.</udom></attrdomv></attr><attr><attrlabl Sync="TRUE">objtype</attrlabl><attalias Sync="TRUE">objtype</attalias><attrtype Sync="TRUE">String</attrtype><attwidth Sync="TRUE">32</attwidth><atprecis Sync="TRUE">0</atprecis><attscale Sync="TRUE">0</attscale></attr><attr><attrlabl Sync="TRUE">oppdaterin</attrlabl><attalias Sync="TRUE">oppdaterin</attalias><attrtype Sync="TRUE">Date</attrtype><attwidth Sync="TRUE">8</attwidth><atprecis Sync="TRUE">0</atprecis><attscale Sync="TRUE">0</attscale></attr><attr><attrlabl Sync="TRUE">lufthavnei</attrlabl><attalias Sync="TRUE">lufthavnei</attalias><attrtype Sync="TRUE">String</attrtype><attwidth Sync="TRUE">60</attwidth><atprecis Sync="TRUE">0</atprecis><attscale Sync="TRUE">0</attscale></attr><attr><attrlabl Sync="TRUE">navn</attrlabl><attalias Sync="TRUE">navn</attalias><attrtype Sync="TRUE">String</attrtype><attwidth Sync="TRUE">254</attwidth><atprecis Sync="TRUE">0</atprecis><attscale Sync="TRUE">0</attscale></attr><attr><attrlabl Sync="TRUE">retningsve</attrlabl><attalias Sync="TRUE">retningsve</attalias><attrtype Sync="TRUE">Integer</attrtype><attwidth Sync="TRUE">10</attwidth><atprecis Sync="TRUE">10</atprecis><attscale Sync="TRUE">0</attscale></attr><attr><attrlabl Sync="TRUE">datafangst</attrlabl><attalias Sync="TRUE">datafangst</attalias><attrtype Sync="TRUE">Date</attrtype><attwidth Sync="TRUE">8</attwidth><atprecis Sync="TRUE">0</atprecis><attscale Sync="TRUE">0</attscale></attr><attr><attrlabl Sync="TRUE">lufthavnty</attrlabl><attalias Sync="TRUE">lufthavnty</attalias><attrtype Sync="TRUE">String</attrtype><attwidth Sync="TRUE">1</attwidth><atprecis Sync="TRUE">0</atprecis><attscale Sync="TRUE">0</attscale></attr><attr><attrlabl Sync="TRUE">trafikktyp</attrlabl><attalias Sync="TRUE">trafikktyp</attalias><attrtype Sync="TRUE">String</attrtype><attwidth Sync="TRUE">254</attwidth><atprecis Sync="TRUE">0</atprecis><attscale Sync="TRUE">0</attscale></attr><attr><attrlabl Sync="TRUE">iatakode</attrlabl><attalias Sync="TRUE">iatakode</attalias><attrtype Sync="TRUE">String</attrtype><attwidth Sync="TRUE">3</attwidth><atprecis Sync="TRUE">0</atprecis><attscale Sync="TRUE">0</attscale></attr><attr><attrlabl Sync="TRUE">icaokode</attrlabl><attalias Sync="TRUE">icaokode</attalias><attrtype Sync="TRUE">String</attrtype><attwidth Sync="TRUE">4</attwidth><atprecis Sync="TRUE">0</atprecis><attscale Sync="TRUE">0</attscale></attr><attr><attrlabl Sync="TRUE">retningsen</attrlabl><attalias Sync="TRUE">retningsen</attalias><attrtype Sync="TRUE">Integer</attrtype><attwidth Sync="TRUE">10</attwidth><atprecis Sync="TRUE">10</atprecis><attscale Sync="TRUE">0</attscale></attr><attr><attrlabl Sync="TRUE">retningsre</attrlabl><attalias Sync="TRUE">retningsre</attalias><attrtype Sync="TRUE">Integer</attrtype><attwidth Sync="TRUE">10</attwidth><atprecis Sync="TRUE">10</atprecis><attscale Sync="TRUE">0</attscale></attr><attr><attrlabl Sync="TRUE">vatnlopenu</attrlabl><attalias Sync="TRUE">vatnlopenu</attalias><attrtype Sync="TRUE">Integer</attrtype><attwidth Sync="TRUE">10</attwidth><atprecis Sync="TRUE">10</atprecis><attscale Sync="TRUE">0</attscale></attr><attr><attrlabl Sync="TRUE">hoyde</attrlabl><attalias Sync="TRUE">hoyde</attalias><attrtype Sync="TRUE">Integer</attrtype><attwidth Sync="TRUE">10</attwidth><atprecis Sync="TRUE">10</atprecis><attscale Sync="TRUE">0</attscale></attr><attr><attrlabl Sync="TRUE">lavestereg</attrlabl><attalias Sync="TRUE">lavestereg</attalias><attrtype Sync="TRUE">Integer</attrtype><attwidth Sync="TRUE">10</attwidth><atprecis Sync="TRUE">10</atprecis><attscale Sync="TRUE">0</attscale></attr><attr><attrlabl Sync="TRUE">Shape_Leng</attrlabl><attalias Sync="TRUE">Shape_Leng</attalias><attrtype Sync="TRUE">Double</attrtype><attwidth Sync="TRUE">19</attwidth><atprecis Sync="TRUE">0</atprecis><attscale Sync="TRUE">0</attscale></attr><attr><attrlabl Sync="TRUE">Shape_Area</attrlabl><attalias Sync="TRUE">Shape_Area</attalias><attrtype Sync="TRUE">Double</attrtype><attwidth Sync="TRUE">19</attwidth><atprecis Sync="TRUE">0</atprecis><attscale Sync="TRUE">0</attscale><attrdef Sync="TRUE">Area of feature in internal units squared.</attrdef><attrdefs Sync="TRUE">Esri</attrdefs><attrdomv><udom Sync="TRUE">Positive real numbers that are automatically generated.</udom></attrdomv></attr></detailed></eainfo><mdDateSt Sync="TRUE">20250317</mdDateSt></metadata>
