id,athlete_count,star_count,created_at,effort_count,distance,total_elevation_gain
18999118,18579,32,2018-10-01T17:58:07Z,297031,1725.8,12.2
11795740,25810,21,2016-04-12T07:35:50Z,375022,998.8,15.2
9252629,23990,17,2015-04-13T19:03:40Z,356102,1084.6,0.0
7818354,15512,55,2014-08-05T11:04:06Z,259497,5134.2,126.0
3546668,580,173,2013-03-04T08:26:20Z,2995,723.28,99.914
12173675,13931,27,2016-05-24T13:40:45Z,289688,167.7,6.6
19878963,15675,7,2019-02-16T07:31:42Z,118417,348.8,10.6
9544406,24049,47,2015-05-22T12:19:37Z,326169,170.8,0.0
20193354,1796,2,2019-03-31T11:41:26Z,5254,344.9,18.0
15807938,2697,5,2017-08-22T06:24:29Z,11785,472.9,2.4
15810611,30275,27,2017-08-22T12:12:39Z,681802,385.2,2.6
19010565,15612,9,2018-10-03T08:07:19Z,355755,337.1,0.0
14515526,24732,50,2017-04-04T20:16:27Z,615323,538.8,3.0
1601313,11993,26,2012-06-20T19:08:09Z,314657,268.437,11.982
10245273,13887,18,2015-08-17T15:41:54Z,281266,363.8,0.0
23930569,6348,6,2020-05-11T08:10:23Z,82867,1770.6,5.6
21932794,17134,14,2019-09-29T18:04:07Z,186364,693.1,0.0
14496092,10233,10,2017-04-02T19:04:27Z,90260,1097.0,18.1
25658993,8298,4,2020-09-10T07:48:23Z,91003,542.2,7.2
12124724,9660,11,2016-05-19T06:47:24Z,87366,132.5,0.0
4190050,33775,82,2013-05-23T14:55:04Z,728319,497.8,0.0
21779484,904,4,2019-09-13T06:58:51Z,3392,423.3,2.2
15667587,1231,1,2017-08-08T07:03:47Z,12366,596.9,0.0
632847,12771,1908,2011-01-14T03:26:57Z,279803,1929.34,94.6
1942901,8395,3978,2012-08-02T06:49:42Z,116911,5589.18,375.4
660072,11006,3204,2011-05-31T14:42:32Z,394870,1845.7,122.1
21811307,11969,513,2019-09-16T12:56:45Z,218658,15742.8,186.6
673790,9045,1573,2011-07-02T19:24:03Z,105562,3794.67,260.0
25210876,24942,105,2020-08-06T20:59:02Z,675432,1473.8,0.0
20440368,9695,145,2019-04-28T12:26:23Z,137645,2187.0,84.0
2252795,9070,178,2012-08-29T19:07:24Z,119785,1891.44,0.0
655007,4513,534,2011-05-19T09:07:52Z,56039,2202.38,44.39
18530784,6056,109,2018-08-13T20:30:07Z,72316,2079.0,100.2
24145083,18660,12,2020-05-23T11:42:34Z,366466,305.2,0.0
1606824,21071,142,2012-06-21T17:35:31Z,606179,264.595,0.0
16116254,5139,9,2017-09-25T14:36:29Z,49405,444.9,0.0
15919321,4885,10,2017-09-02T16:08:49Z,44031,396.2,19.6
16750852,7345,8,2018-01-03T10:18:55Z,64566,473.6,23.2
7660021,22771,47,2014-07-16T12:10:55Z,834722,190.6,7.0
11598568,1478,2,2016-03-18T22:48:57Z,7244,203.1,11.1
5567025,119,1,2013-09-22T14:42:23Z,375,177.7,17.0
11411736,109,3,2016-02-19T08:20:30Z,271,758.0,22.2
18443117,26315,34,2018-08-05T17:58:18Z,808961,796.7,11.8
5195112,24429,39,2013-08-20T10:44:00Z,810340,273.7,11.2
15931519,4454,1,2017-09-03T19:53:11Z,69020,307.0,4.4
13151655,16236,10,2016-09-10T07:44:38Z,201946,426.7,8.8
11595203,1044,1,2016-03-18T12:41:50Z,3350,319.6,21.4
5570736,262,4,2013-09-22T18:28:26Z,1234,186.9,12.2
12781864,12950,30,2016-08-02T13:48:55Z,524579,376.8,0.0
5400530,25933,20,2013-09-06T06:39:42Z,675776,480.5,11.1
15814799,8356,4,2017-08-22T19:22:32Z,103320,409.9,0.0
5566943,2504,5,2013-09-22T14:35:55Z,10385,203.6,14.2
10033708,24525,61,2015-07-24T07:30:36Z,743352,282.1,0.0
25924829,2823,1,2020-10-02T09:09:53Z,39634,1163.8,0.0
14083089,23926,29,2017-01-31T14:33:57Z,331229,338.2,0.0
13013104,10873,7,2016-08-26T08:29:05Z,283596,259.7,4.1
9762704,7753,27,2015-06-19T08:12:39Z,81103,219.4,4.7
20488915,5236,2,2019-05-03T12:38:48Z,43674,1131.5,4.2
7195311,17308,17,2014-05-12T06:11:19Z,192224,411.2,0.0
9095386,25855,47,2015-03-20T15:21:20Z,356822,167.0,0.0
26004223,79,0,2020-10-09T15:27:25Z,311,576.2,9.4
16042301,16215,10,2017-09-16T19:05:44Z,276862,349.3,2.2
23063083,5179,7,2020-03-13T18:36:14Z,64323,703.1,7.6
4667072,7911,13,2013-07-09T07:33:21Z,79281,509.0,9.5
5583782,2739,0,2013-09-23T20:04:25Z,37915,126.1,4.4
1322152,8825,6,2012-05-03T08:11:18Z,201865,499.44,0.0
25370387,16872,16,2020-08-18T16:40:17Z,414458,981.0,0.0
11825625,15352,28,2016-04-15T19:26:23Z,429684,581.2,14.8
20212303,978,87,2019-04-02T10:15:51Z,19099,35473.8,580.0
11708572,15402,11,2016-04-01T19:28:34Z,272475,587.9,0.0
1427142,10089,22,2012-05-22T09:41:39Z,177758,184.397,9.49053
8413640,16903,25,2014-10-27T11:00:33Z,438818,875.9,0.0
25343818,20866,34,2020-08-16T19:41:06Z,853956,513.5,3.6
11836616,17857,42,2016-04-17T10:29:23Z,460182,472.8,0.0
19487933,8686,12,2018-12-14T12:40:23Z,142944,403.6,14.8
15641679,8121,14,2017-08-05T19:59:10Z,130768,943.5,19.9
16105792,5136,5,2017-09-24T15:03:51Z,101915,417.1,7.0
1821760,13249,46,2012-07-24T16:17:57Z,286566,724.57,44.7428
15893346,13102,19,2017-08-30T16:23:57Z,322375,619.6,14.5
9857971,7716,7,2015-07-01T21:54:56Z,100289,740.1,2.0
1745797,890,89,2012-07-14T10:51:52Z,15954,2523.35,112.6
24732939,8897,7,2020-07-03T10:32:59Z,146599,495.0,12.6
15490023,7949,10,2017-07-21T07:09:20Z,124964,501.8,0.0
17733215,8673,7,2018-05-22T07:27:23Z,140749,982.0,6.9
16107940,9879,5,2017-09-24T17:58:52Z,184086,476.7,10.4
15898633,4660,6,2017-08-31T06:22:10Z,59868,562.5,0.0
7831046,10868,24,2014-08-06T19:48:35Z,201820,233.9,7.8
12161411,1363,1,2016-05-23T08:10:01Z,8171,524.5,3.4
21044430,1439,2,2019-07-02T21:04:36Z,9718,307.5,23.3
10706874,4036,6,2015-10-18T07:44:21Z,39264,991.6,19.6
2055993,4162,28,2012-08-10T07:37:54Z,51749,120.89,0.0
11594905,6764,3,2016-03-18T11:34:40Z,68758,322.7,2.6
12501983,915,15,2016-07-01T06:09:51Z,4670,365.5,42.6
2402050,5064,12,2012-09-17T14:31:25Z,57752,402.765,12.3322
7837222,1102,9,2014-08-07T15:05:08Z,15386,408.5,13.0
8308120,3478,36,2014-10-09T17:47:53Z,63347,868.7,43.6
15428416,7378,21,2017-07-14T23:33:17Z,94356,929.1,0.0
7212087,4793,27,2014-05-14T19:35:57Z,78327,759.2,47.5
9189425,4421,28,2015-04-05T14:43:53Z,28919,736.1,30.0
12498612,8826,20,2016-06-30T18:12:06Z,114763,287.5,6.9
7398941,18063,12,2014-06-10T07:38:31Z,465811,613.0,16.6
12254776,15705,62,2016-06-02T08:14:39Z,386546,1643.8,4.4
20966648,24393,45,2019-06-24T09:39:55Z,720209,1928.3,9.0
25586955,3311,0,2020-09-04T15:41:13Z,18536,302.4,0.0
15361986,1282,5,2017-07-07T19:40:31Z,9436,426.1,3.4
11532905,565,10,2016-03-09T08:06:27Z,1333,163.1,11.0
5258852,956,8,2013-08-25T15:34:43Z,7286,365.6,12.4
5294843,804,6,2013-08-28T11:18:35Z,2734,350.3,16.3
5665798,1420,6,2013-10-02T15:56:10Z,8204,565.2,14.4
13854509,58,0,2016-12-24T11:36:39Z,90,163.4,0.0
11757006,423,1,2016-04-07T15:48:43Z,1603,192.9,8.0
10366602,35249,21,2015-08-31T20:28:17Z,771904,794.5,0.0
5258815,3569,1,2013-08-25T15:32:04Z,12329,1003.8,6.8
4751751,32322,51,2013-07-16T08:52:34Z,682534,612.0,0.0
11886685,7244,13,2016-04-22T17:06:45Z,24277,257.2,0.0
7607407,2970,30,2014-07-09T09:32:55Z,39054,378.3,0.0
25984495,17197,20,2020-10-07T17:09:42Z,584481,3044.8,9.8
21181822,13141,5,2019-07-16T21:49:16Z,158354,363.5,0.0
6692171,4437,11,2014-02-17T22:35:36Z,28841,414.5,5.5
24453281,5259,3,2020-06-13T11:07:19Z,22747,866.3,0.0
16042328,5761,6,2017-09-16T19:09:27Z,50322,348.1,2.2
5771516,6130,15,2013-10-14T06:19:37Z,55398,280.0,22.0
7991956,6180,25,2014-08-26T16:26:59Z,92927,735.4,7.1
7133153,8577,10,2014-05-03T08:35:06Z,80246,887.0,20.4
13811009,5409,2,2016-12-15T09:11:35Z,35169,793.1,0.0
17744974,65,1,2018-05-23T12:15:26Z,760,328.6,0.0
14696990,601,3,2017-04-24T17:31:28Z,4352,368.0,0.0
5771523,3243,2,2013-10-14T06:21:33Z,10264,104.4,5.2
654158,130,28,2011-05-16T08:46:04Z,163,81469.8,817.8
15766395,408,2,2017-08-17T20:35:35Z,2752,346.8,14.8
17936586,452,3,2018-06-12T18:57:35Z,6265,301.7,7.6
9384737,6720,4,2015-05-01T13:45:47Z,84083,337.1,18.2
9627546,3891,26,2015-06-01T19:08:55Z,67159,213.0,6.6
4402116,7773,18,2013-06-13T20:14:25Z,91444,215.2,2.8
682878,8777,9,2011-07-15T18:06:54Z,94471,466.697,2.8
12051353,254,12,2016-05-11T09:52:54Z,990,262.4,0.0
25265532,488,4,2020-08-10T22:21:23Z,6946,704.7,20.2
7453306,179,4,2014-06-17T20:41:06Z,1114,387.4,0.0
5200109,3655,24,2013-08-20T18:25:04Z,17650,376.4,35.7
10363917,7222,9,2015-08-31T15:42:44Z,70200,1020.8,0.0
4039017,4040,6,2013-05-07T15:54:27Z,23934,1312.9,0.0
12296615,6356,9,2016-06-06T21:44:26Z,64057,1860.1,14.2
12024335,2157,3,2016-05-08T16:05:26Z,26306,563.9,2.8
13252980,7769,14,2016-09-21T10:56:11Z,95664,128.2,6.8
22655967,3564,4,2020-01-15T14:21:48Z,60407,1191.5,42.4
12081836,7444,6,2016-05-14T21:44:45Z,42673,430.2,2.0
18901529,6103,6,2018-09-20T13:29:35Z,38918,399.4,6.0
14869300,1580,2,2017-05-14T06:32:42Z,9119,559.4,0.0
4230774,1726,6,2013-05-27T19:43:12Z,26872,507.8,20.5
14601402,1285,1,2017-04-14T19:11:38Z,32688,490.0,12.0
12573401,1882,16,2016-07-09T15:42:18Z,13794,531.9,14.4
11939095,6562,19,2016-04-28T19:05:58Z,55440,217.2,0.0
3859833,9301,15,2013-04-17T18:37:02Z,195534,510.392,13.7827
12498535,11518,26,2016-06-30T18:00:03Z,189551,476.6,4.7
1321945,5138,15,2012-05-03T06:46:37Z,41950,320.645,0.0
12739885,5106,12,2016-07-27T17:44:13Z,25222,189.6,10.4
14099318,12282,25,2017-02-03T12:34:51Z,169901,693.8,6.0
18489542,11387,13,2018-08-09T19:18:23Z,168079,731.1,4.2
9862681,13364,17,2015-07-02T16:20:41Z,220190,542.9,15.6
21773912,15936,14,2019-09-12T15:19:21Z,248892,332.0,6.2
27470260,11317,5,2021-03-02T06:53:12Z,172756,1232.2,2.4
12318696,3610,7,2016-06-09T10:59:10Z,44983,434.8,7.0
9770748,8807,8,2015-06-20T15:25:38Z,74768,286.8,2.4
1116847,10761,50,2012-03-21T16:26:55Z,236012,1453.59,22.2
5187760,6998,10,2013-08-19T18:04:14Z,75976,1123.7,2.4
21094161,14665,46,2019-07-08T09:33:15Z,284093,1199.2,50.1
18178637,17918,39,2018-07-09T11:09:26Z,305629,551.0,0.0
18996904,20249,12,2018-10-01T13:34:07Z,334973,839.3,0.0
18329206,14527,11,2018-07-24T19:34:12Z,207143,839.1,5.0
719925,23091,40,2011-08-18T14:29:44Z,313258,790.167,0.0
8070612,6754,18,2014-09-05T19:12:58Z,57522,1223.4,3.6
14432528,1865,3,2017-03-26T00:40:05Z,16767,834.7,14.0
11810437,5037,12,2016-04-13T20:59:18Z,96695,166.0,9.8
20422719,5880,1,2019-04-26T08:34:32Z,39692,794.0,12.4
25267619,3438,2,2020-08-11T04:29:52Z,29211,527.1,0.0
20260429,4041,0,2019-04-08T11:31:32Z,90293,751.6,14.8
7532196,7997,2,2014-06-29T00:17:16Z,18795,146.1,0.0
18902633,5579,4,2018-09-20T15:46:05Z,67645,1369.2,14.2
24399465,4135,4,2020-06-09T07:19:38Z,17325,551.2,3.0
15659375,3945,3,2017-08-07T12:38:36Z,70547,399.7,0.0
7400766,3641,5,2014-06-10T13:27:46Z,64508,1154.1,6.4
2392638,255,1,2012-09-16T15:40:18Z,985,203.803,11.8
15032628,2876,4,2017-05-31T19:43:33Z,22223,844.0,9.6
2392174,33,1,2012-09-16T15:02:42Z,42,448.414,20.0
9708445,4693,6,2015-06-12T06:50:02Z,70446,440.1,0.0
12747825,1935,6,2016-07-28T14:25:27Z,16981,251.4,0.0
18901367,2760,2,2018-09-20T13:11:48Z,24313,1171.9,6.6
4122117,3582,13,2013-05-16T13:58:08Z,43912,1385.5,6.0
12682826,2164,3,2016-07-21T17:29:29Z,16422,1102.6,12.6
2236853,1094,5,2012-08-27T19:32:37Z,4720,1220.29,59.8975
16205674,8209,23,2017-10-06T17:05:38Z,115772,370.3,16.2
16155745,5070,4,2017-09-30T12:43:36Z,58317,439.2,17.3
4315132,3815,33,2013-06-05T11:24:13Z,43281,577.6,21.1
12423270,5677,3,2016-06-21T16:49:52Z,53873,771.8,14.6
12423279,3422,5,2016-06-21T16:51:26Z,49114,290.8,10.2
13117593,400,2,2016-09-06T11:33:06Z,1115,170.8,25.0
1374463,268,4,2012-05-13T14:29:13Z,2501,480.13,35.2
14777911,141,0,2017-05-03T20:50:34Z,350,536.5,0.0
15895857,194,3,2017-08-30T20:09:43Z,598,443.4,25.1
9058839,310,2,2015-03-14T14:45:51Z,659,426.8,21.5
6797306,520,2,2014-03-06T19:03:04Z,1445,179.3,11.3
6351439,755,4,2014-01-04T16:33:58Z,3236,352.3,2.0
12250420,25,1,2016-06-01T18:54:01Z,128,193.3,10.4
1581586,2241,1,2012-06-17T19:11:01Z,16537,837.503,31.5
672411,1217,29,2011-06-29T18:15:25Z,7591,1236.7,58.6
21416765,1772,2,2019-08-08T22:59:01Z,9764,588.9,31.7
24677644,372,2,2020-06-29T07:58:09Z,1300,622.1,26.6
15319241,193,4,2017-07-03T08:46:10Z,444,316.7,40.0
18135532,14668,8,2018-07-04T14:53:41Z,213795,789.8,7.6
2298466,13362,47,2012-09-04T06:12:07Z,224510,542.938,6.0
23075398,3111,8,2020-03-15T14:01:58Z,43264,833.8,19.6
13490689,8130,13,2016-10-21T20:46:31Z,110579,396.1,3.2
10338692,2988,7,2015-08-28T14:21:54Z,34292,1311.4,13.4
9348884,2631,10,2015-04-26T16:05:32Z,25516,460.2,22.8
12546355,1504,1,2016-07-06T10:23:38Z,15528,525.6,17.1
798581,6126,15,2011-10-19T07:27:43Z,105457,1315.25,21.244
24197997,16916,22,2020-05-26T14:56:49Z,120194,698.8,0.0
5800741,16526,63,2013-10-17T22:57:57Z,193394,1238.6,50.4
17771655,15932,24,2018-05-26T15:12:25Z,232178,1192.3,0.0
18536463,14869,6,2018-08-14T12:53:48Z,202482,457.0,14.8
12537931,10630,9,2016-07-05T12:32:05Z,158673,440.0,21.2
6974117,14183,41,2014-04-08T18:38:25Z,246466,192.5,0.0
15404486,10654,16,2017-07-12T10:05:54Z,112824,333.1,15.6
5665774,12207,36,2013-10-02T15:52:41Z,235429,96.1,0.0
15220591,11687,21,2017-06-21T21:18:07Z,106012,432.1,13.5
9140052,7002,15,2015-03-28T14:31:02Z,50172,315.0,13.6
12533680,6579,25,2016-07-04T21:18:59Z,137259,533.7,0.0
17654078,5191,13,2018-05-13T19:24:31Z,134166,428.2,5.4
28155524,17013,31,2021-04-24T16:21:38Z,287680,425.9,0.0
15888281,14335,34,2017-08-30T05:50:32Z,276089,1031.8,12.4
24324576,12259,18,2020-06-03T20:15:40Z,55273,396.8,5.2
9425631,16931,33,2015-05-06T18:51:49Z,264034,1534.2,7.8
22741528,3587,2,2020-01-27T20:11:28Z,84928,1193.7,2.6
14500451,5107,8,2017-04-03T07:25:15Z,72868,707.6,19.9
26037200,11280,8,2020-10-12T12:16:31Z,128839,376.7,4.6
21005422,8141,5,2019-06-28T16:26:08Z,72145,558.2,6.0
25571847,4973,3,2020-09-03T09:33:03Z,30186,378.9,3.5
16042283,4622,12,2017-09-16T19:02:11Z,52178,323.5,5.6
1508655,4310,19,2012-06-04T19:44:07Z,34413,342.43,16.8
4923544,4802,8,2013-07-30T07:31:39Z,39490,178.0,8.2
3812812,1139,27,2013-04-12T07:00:15Z,4220,233.072,27.6
26596347,2000,2,2020-11-30T13:58:09Z,11475,614.2,4.4
12308648,16844,24,2016-06-08T08:12:08Z,292779,466.5,8.0
18662094,15734,15,2018-08-26T18:18:54Z,192316,593.9,2.0
12261349,14413,30,2016-06-02T21:55:08Z,199189,622.6,13.0
15229475,13025,9,2017-06-22T22:00:23Z,188379,734.0,27.8
18338143,3985,4,2018-07-25T18:02:04Z,40008,525.6,23.8
14068781,5257,9,2017-01-29T14:59:33Z,28334,126.6,7.8
5583293,459,5,2013-09-23T19:19:05Z,4155,430.9,13.3
1689511,7551,3,2012-07-05T17:17:16Z,50453,529.51,15.0
7839506,1361,29,2014-08-07T19:45:26Z,14349,307.2,0.0
3796616,6239,14,2013-04-09T20:01:52Z,47676,221.849,7.5512
3898429,18740,18,2013-04-22T11:43:20Z,251413,586.96,4.06285
25350342,12274,7,2020-08-17T09:04:59Z,232843,334.5,4.0
4996878,16340,21,2013-08-05T05:54:35Z,263091,982.9,2.0
26311032,6061,9,2020-11-06T21:23:42Z,45995,735.3,23.1
663261,11601,22,2011-06-09T12:23:57Z,154380,1075.44,0.0
9513929,8440,18,2015-05-18T10:06:53Z,46987,1283.3,26.2
20668632,15682,12,2019-05-23T07:50:54Z,227902,1015.3,4.6
20582431,18351,15,2019-05-13T17:53:41Z,245890,892.4,8.6
25373900,15019,8,2020-08-18T20:28:30Z,185871,347.0,7.0
15919483,9251,12,2017-09-02T16:26:35Z,94347,512.8,6.4
2476061,8321,5,2012-09-29T10:52:57Z,74253,172.276,10.8606
22881436,19269,17,2020-02-17T09:23:06Z,270805,626.0,0.0
2298473,14314,79,2012-09-04T06:16:05Z,245455,1106.32,0.0
16399649,1681,7,2017-11-01T12:48:26Z,16438,617.6,33.6
1511140,3793,12,2012-06-05T10:24:22Z,35295,187.253,11.847
5410429,4306,8,2013-09-07T09:38:55Z,26583,104.7,5.4
5190675,3943,13,2013-08-19T21:41:20Z,29598,157.6,5.2
3741285,1033,12,2013-04-02T19:11:52Z,12476,281.9,7.68795
25545856,1221,1,2020-09-01T07:18:09Z,11514,597.6,0.0
12233080,64,1,2016-05-30T20:24:59Z,369,396.4,27.2
7699021,4107,5,2014-07-21T15:08:14Z,29269,738.7,15.3
23158075,14318,10,2020-03-25T07:35:06Z,243588,581.5,14.7
13252888,3480,4,2016-09-21T10:42:48Z,42430,251.3,0.0
3392669,4648,9,2013-02-07T17:26:21Z,40078,472.034,12.3821
14534692,3116,4,2017-04-07T06:34:43Z,33104,543.0,0.0
24842884,4631,12,2020-07-11T20:38:48Z,37527,371.9,0.0
24243645,16881,11,2020-05-29T15:33:15Z,105129,301.3,3.0
24279532,468,37,2020-05-31T21:57:13Z,2518,510.6,0.0
24243615,12908,5,2020-05-29T15:30:21Z,105358,300.9,2.0
703265,589,18,2011-08-06T10:06:30Z,3794,755.44,120.8
4330017,16968,32,2013-06-06T20:51:33Z,240945,1084.9,16.8
18424349,14873,74,2018-08-03T14:17:26Z,308355,547.6,35.2
1098554,22718,52,2012-03-17T16:44:36Z,343460,409.29,14.2
17201837,11939,27,2018-03-19T09:50:20Z,135230,1573.4,89.4
12528580,13052,15,2016-07-04T12:36:30Z,173635,593.5,21.5
5781481,16690,22,2013-10-15T10:44:33Z,194197,329.0,0.0
9318550,10540,8,2015-04-22T11:49:27Z,85024,130.4,11.4
23325600,3620,2,2020-04-06T19:30:07Z,28628,300.7,5.6
15430926,6669,11,2017-07-15T11:39:09Z,40533,309.9,6.4
7980679,15293,21,2014-08-25T07:34:48Z,300497,381.7,10.7
14801162,3914,3,2017-05-06T18:17:15Z,31037,628.4,9.0
28095291,19721,6,2021-04-20T08:06:39Z,263316,843.3,0.0
12308329,20798,15,2016-06-08T07:16:58Z,318429,544.7,0.0
15936656,13842,9,2017-09-04T10:59:59Z,102071,584.3,0.0
9848117,10227,18,2015-06-30T16:56:42Z,172248,2340.3,41.3
5119509,20962,26,2013-08-14T17:38:02Z,362423,551.4,0.0
19231063,10604,7,2018-10-31T10:52:20Z,108814,307.8,0.0
21383914,8187,11,2019-08-05T22:12:00Z,129806,838.3,47.8
17635270,344,12,2018-05-11T20:06:15Z,2307,602.0,0.0
6770484,8246,21,2014-02-28T12:06:27Z,129555,409.3,26.0
25507885,140,12,2020-08-29T09:18:33Z,437,450.2,0.0
23068702,177,17,2020-03-14T16:47:46Z,728,461.3,0.0
11935393,448,10,2016-04-28T10:43:15Z,2695,481.0,19.1
24512662,101,2,2020-06-17T08:08:20Z,1158,437.4,8.0
25647382,160,1,2020-09-09T08:43:09Z,717,301.8,0.0
7291342,1359,2,2014-05-26T04:55:33Z,5608,463.6,35.8
7460191,321,2,2014-06-18T20:20:34Z,2078,1195.8,73.8
20474783,5978,15,2019-05-01T20:51:36Z,81294,2871.4,0.0
14234903,585,13,2017-02-25T12:42:17Z,4059,844.2,0.0
2173587,7145,13,2012-08-20T06:29:36Z,86908,2128.74,3.8
13020350,800,7,2016-08-27T05:56:27Z,8823,317.3,36.4
16327675,608,47,2017-10-22T13:57:15Z,5441,686.0,2.6
25427999,4227,4,2020-08-23T08:27:13Z,62985,317.0,16.0
25178210,5166,3,2020-08-04T15:07:51Z,72730,304.0,0.0
13064695,4818,15,2016-08-31T17:08:24Z,74914,283.3,21.0
4639864,9855,13,2013-07-07T04:03:15Z,75356,1169.9,0.0
5954104,6757,15,2013-11-05T21:47:03Z,69228,470.9,7.4
14708761,2513,3,2017-04-25T22:04:50Z,7502,444.6,4.2
12041682,507,27,2016-05-10T08:42:10Z,9899,2494.5,12.6
5366728,5273,19,2013-09-03T07:30:02Z,61928,540.3,3.2
20950279,2191,3,2019-06-22T19:04:54Z,17106,363.9,3.4
16450287,1751,3,2017-11-08T13:08:26Z,5834,481.2,13.2
4750723,5317,16,2013-07-16T05:48:31Z,34250,1063.2,4.6
9596195,553,2,2015-05-28T18:28:14Z,2609,741.1,23.6
4175003,479,10,2013-05-21T18:57:30Z,6220,2528.7,8.0
11836669,14559,45,2016-04-17T10:35:48Z,478081,487.4,0.0
18227378,3771,11,2018-07-14T15:50:13Z,24289,308.3,0.0
3784909,18413,34,2013-04-08T08:01:12Z,410765,235.888,0.0
10196808,2522,3,2015-08-12T04:16:32Z,19313,790.5,0.0
7606881,14000,37,2014-07-09T07:20:21Z,455416,589.1,0.0
7712550,19260,29,2014-07-23T05:32:33Z,397729,603.1,6.2
15398477,5307,5,2017-07-11T17:22:23Z,97147,328.4,7.2
18139429,6124,10,2018-07-04T21:33:05Z,76531,598.6,32.5
18301586,3515,4,2018-07-22T11:09:08Z,16047,489.1,0.0
1254429,1990,24,2012-04-19T20:01:01Z,8157,516.93,42.646
5699178,6717,10,2013-10-06T14:06:05Z,80424,702.2,10.0
7422110,307,4,2014-06-13T14:50:17Z,2718,517.7,14.2
4260977,1843,4,2013-05-31T10:04:30Z,7873,344.8,0.0
5735222,6202,16,2013-10-10T08:42:44Z,75344,1066.5,33.2
24991898,148,0,2020-07-22T11:34:27Z,1124,409.9,0.0
17616455,224,4,2018-05-09T19:16:36Z,1320,485.9,0.0
12357764,138,1,2016-06-13T19:10:24Z,1541,130.0,0.0
27745121,5702,12,2021-03-25T14:56:15Z,62362,501.8,0.0
13042107,2098,4,2016-08-29T11:52:59Z,6365,1188.2,73.8
8041315,336,2,2014-09-01T21:01:52Z,1728,935.1,14.7
7302783,2933,4,2014-05-27T17:43:52Z,15859,121.3,11.1
12238232,19781,24,2016-05-31T12:56:47Z,347691,416.9,16.8
25521625,7871,10,2020-08-30T12:32:25Z,66000,1678.6,45.0
1267120,8604,29,2012-04-22T16:01:35Z,83085,680.511,0.0
3940532,7752,16,2013-04-27T15:41:47Z,152549,920.8,7.6
1128623,7152,38,2012-03-24T16:58:56Z,62898,1018.75,0.0
3978035,6521,3,2013-05-01T14:52:39Z,56737,1012.7,4.2
10517661,12128,6,2015-09-20T21:30:12Z,118811,675.0,25.2
9296419,5504,10,2015-04-19T17:44:19Z,79015,260.3,5.4
12999834,13669,13,2016-08-24T19:01:59Z,174553,396.9,8.4
4764111,11173,11,2013-07-17T09:06:07Z,98378,299.2,10.9
1630957,6581,8,2012-06-25T17:14:32Z,48960,1256.73,19.2
25301420,1121,0,2020-08-13T15:34:34Z,6765,384.8,14.5
13039235,3424,8,2016-08-29T05:12:47Z,40022,248.3,6.0
3809390,3968,15,2013-04-11T17:52:33Z,32559,208.723,7.90847
13369476,1264,3,2016-10-05T07:01:51Z,7426,756.5,2.7
5285688,1503,1,2013-08-27T15:54:01Z,6207,158.0,8.1
666794,14567,602,2011-06-17T19:45:45Z,199406,17847.8,263.402
3950301,17185,26,2013-04-28T14:39:16Z,211839,565.6,21.1
13185311,6856,11,2016-09-13T16:41:57Z,100622,287.8,9.5
19177931,4902,8,2018-10-23T15:05:57Z,29770,463.6,23.2
11920850,3008,4,2016-04-26T14:09:21Z,19678,929.6,38.4
22439269,14209,25,2019-12-12T22:27:45Z,187757,833.0,17.6
5227247,23053,46,2013-08-22T21:00:55Z,414739,346.4,11.2
12749337,9537,9,2016-07-28T17:20:02Z,87210,766.2,22.0
15733150,3010,9,2017-08-14T18:30:27Z,26895,361.9,4.2
11851736,7650,17,2016-04-18T18:47:05Z,104703,1339.4,19.3
3812943,8250,15,2013-04-12T07:48:56Z,109583,1309.37,11.1064
15641740,4177,5,2017-08-05T20:06:34Z,47124,348.3,8.5
9663172,4249,9,2015-06-06T18:32:32Z,43029,467.6,0.0
10020354,4034,9,2015-07-22T16:50:10Z,68045,430.6,23.6
15456514,1588,5,2017-07-17T19:05:34Z,17628,426.7,24.8
2639567,1681,5,2012-10-26T09:44:21Z,17134,378.953,8.01167
9253435,33,2,2015-04-13T20:22:34Z,588,170.9,2.1
14453790,511,1,2017-03-28T14:08:59Z,4856,622.7,16.4
15471934,2196,2,2017-07-19T08:49:20Z,22317,315.4,0.0
23287103,1634,1,2020-04-04T12:40:08Z,17969,322.4,0.0
18254475,8670,10,2018-07-17T10:29:47Z,89229,569.7,0.0
23758164,4632,2,2020-05-02T13:47:47Z,89171,507.6,0.0
17488565,12529,6,2018-04-25T19:39:34Z,205766,331.2,4.5
9039224,4904,20,2015-03-10T19:59:55Z,83188,270.1,15.8
12486814,4381,8,2016-06-29T11:05:16Z,26376,109.4,8.2
4833015,14587,15,2013-07-22T18:30:57Z,236935,216.8,0.0
18893346,1604,6,2018-09-19T15:09:48Z,12183,312.7,13.8
4142317,353,8,2013-05-18T20:59:26Z,2479,407.9,22.8
17622632,2058,5,2018-05-10T13:17:50Z,26238,312.2,0.0
18066349,7703,6,2018-06-26T19:35:49Z,70886,899.2,9.2
7261652,8853,44,2014-05-21T18:26:20Z,84914,312.0,6.5
13083875,8281,10,2016-09-02T18:53:20Z,75841,1092.5,6.2
2128580,8305,15,2012-08-14T20:07:17Z,141315,711.4,7.66472
2137667,7950,7,2012-08-15T19:36:59Z,144054,810.85,7.79355
650644,7961,13,2011-05-06T07:19:15Z,137260,1125.48,13.015
12193455,5627,10,2016-05-26T16:31:15Z,54442,470.6,19.4
19166648,17233,11,2018-10-22T08:31:43Z,261482,1142.4,11.0
21407839,5492,10,2019-08-08T06:44:29Z,111754,377.5,0.0
28171866,138,6,2021-04-25T16:30:39Z,227,69616.9,1030.2
5045810,13925,20,2013-08-09T06:59:40Z,208785,1618.2,0.0
4530367,12980,24,2013-06-26T06:04:13Z,262897,532.6,6.4
5330869,2926,14,2013-08-31T16:19:14Z,26618,176.7,0.0
7497599,4284,7,2014-06-23T20:55:55Z,53728,375.0,13.7
7283853,15116,23,2014-05-25T09:27:57Z,261419,838.6,8.4
9523218,10429,10,2015-05-19T13:14:13Z,180316,276.4,3.6
6892501,313,4,2014-03-24T21:20:13Z,1851,152.7,9.9
24068547,6573,2,2020-05-18T16:48:40Z,41123,303.5,0.0
11771577,12823,11,2016-04-09T16:31:16Z,178775,484.4,8.2
8255408,3562,9,2014-10-01T11:56:14Z,27124,419.5,31.6
13247260,1132,5,2016-09-20T17:31:12Z,6688,5768.4,56.4
18189746,18899,17,2018-07-10T12:39:08Z,434772,479.8,6.4
1531776,17003,49,2012-06-09T12:47:48Z,338625,448.334,2.69042
1513607,19592,57,2012-06-05T19:42:49Z,348637,472.063,0.0
25451111,6336,8,2020-08-24T18:23:31Z,64179,317.6,0.0
25377806,5606,8,2020-08-19T06:57:32Z,86237,703.6,0.0
24693447,2260,6,2020-06-30T10:32:41Z,20974,1056.8,16.9
15342939,1890,4,2017-07-05T17:55:02Z,7340,341.8,21.3
17504865,11926,15,2018-04-27T19:37:38Z,85547,810.3,4.0
15582816,9030,16,2017-07-30T18:53:21Z,83073,778.8,2.2
18633067,12027,16,2018-08-23T16:09:24Z,109853,552.1,7.9
25229876,5901,3,2020-08-08T13:49:08Z,60915,345.9,0.0
23535432,12205,5,2020-04-19T15:31:55Z,88618,512.9,18.7
9886097,18598,42,2015-07-05T21:31:50Z,208751,417.9,2.0
1248035,3005,29,2012-04-18T06:59:31Z,20393,441.93,15.6
2736782,4930,10,2012-11-15T08:45:14Z,66625,412.49,20.4
5542060,10289,30,2013-09-19T19:57:55Z,142134,544.1,9.5
13112535,745,6,2016-09-05T19:43:33Z,2021,215.2,3.7
6828716,12885,51,2014-03-12T21:32:38Z,202955,65.8,9.4
1322034,5159,17,2012-05-03T07:31:12Z,53606,196.62,17.0001
12540598,620,2,2016-07-05T18:15:25Z,2283,19425.6,160.8
10313772,2054,6,2015-08-25T14:06:59Z,10884,245.0,23.5
1796781,112,2,2012-07-21T15:46:58Z,360,193.678,21.5489
18758997,2586,7,2018-09-05T09:37:10Z,42596,642.7,18.2
5960085,759,13,2013-11-06T22:41:59Z,4477,166.5,14.6
23417194,2214,3,2020-04-12T15:58:04Z,17570,802.8,22.0
19273319,3860,6,2018-11-06T07:41:39Z,39362,394.2,14.1
16051034,314,3,2017-09-17T18:36:22Z,1685,325.1,4.4
7260081,3497,19,2014-05-21T14:40:47Z,39893,602.9,18.4
13708305,204,0,2016-11-25T20:44:53Z,2114,335.5,2.2
7235608,8518,18,2014-05-18T13:59:11Z,105451,303.9,16.4
1339675,902,11,2012-05-06T19:50:27Z,3776,221.7,21.4
20359562,59,8,2019-04-20T07:19:19Z,151,647.1,0.0
4078293,250,7,2013-05-11T20:43:13Z,799,107.8,23.7
13263493,41,6,2016-09-22T16:06:41Z,109,932.8,18.0
14802908,707,29,2017-05-06T21:36:53Z,4189,440.0,0.0
13204240,269,15,2016-09-15T18:13:43Z,1234,181.6,0.0
22463088,186,16,2019-12-17T15:27:51Z,797,684.9,0.0
15782212,280,30,2017-08-19T18:17:47Z,1438,723.5,3.2
23307757,57,2,2020-04-05T17:35:10Z,124,952.0,0.0
4078796,55,3,2013-05-11T21:27:28Z,67,174.0,30.0
28773819,67,1,2021-06-11T10:27:43Z,112,1179.2,0.0
12499138,521,62,2016-06-30T19:17:38Z,3696,1184.5,2.0
12946542,482,31,2016-08-19T07:43:16Z,3271,218.3,0.0
16599067,268,28,2017-12-03T20:52:03Z,1684,945.4,0.0
15214996,827,7,2017-06-21T08:51:04Z,5216,472.3,33.0
22853349,149,15,2020-02-13T12:34:18Z,354,1125.7,4.6
4078815,39,8,2013-05-11T21:29:16Z,47,157.5,0.0
12304138,265,2,2016-06-07T18:47:24Z,971,116.9,6.8
15020900,30,1,2017-05-30T16:07:23Z,147,479.3,22.1
1737052,663,5,2012-07-12T18:39:39Z,8310,282.627,22.0
15251107,13,0,2017-06-25T17:26:25Z,63,626.5,21.3
12517024,157,1,2016-07-03T09:55:23Z,411,39774.8,422.2
13453719,84,3,2016-10-16T17:15:25Z,228,461.7,0.0
25070032,173,2,2020-07-27T21:13:45Z,751,478.6,20.6
24081437,253,6,2020-05-19T10:53:48Z,889,370.5,8.8
13919025,208,1,2017-01-03T20:24:21Z,829,107.5,0.0
15251213,12,1,2017-06-25T17:36:53Z,14,837.6,17.3
25025950,1422,4,2020-07-24T21:46:59Z,10998,380.2,36.2
25025891,1554,2,2020-07-24T21:40:53Z,9539,1111.4,53.8
15018439,277,2,2017-05-30T10:56:04Z,1513,436.1,0.0
9607801,497,1,2015-05-30T12:57:25Z,4137,358.4,0.0
15251186,112,1,2017-06-25T17:34:26Z,285,316.8,10.0
12038193,128,0,2016-05-09T20:28:21Z,556,528.0,40.0
10710972,432,7,2015-10-18T17:18:19Z,4370,500.7,19.7
9289525,188,2,2015-04-18T20:49:17Z,982,270.7,0.0
8012510,2314,5,2014-08-29T09:15:34Z,19724,622.6,46.2
7426315,188,8,2014-06-14T10:36:47Z,1316,840.3,67.0
5288978,257,7,2013-08-27T19:53:17Z,1419,719.8,0.0
4613694,113,4,2013-07-04T16:31:59Z,481,347.0,27.2
1561748,125,7,2012-06-14T08:48:11Z,415,678.134,0.0
4068193,135,1,2013-05-10T19:52:12Z,660,612.8,2.2
17990531,6114,7,2018-06-18T16:42:54Z,67022,1011.7,50.4
25108189,2573,3,2020-07-30T13:47:14Z,53444,675.4,32.6
18516406,2118,4,2018-08-12T17:01:15Z,40822,830.8,0.0
13152508,1520,2,2016-09-10T10:35:13Z,21380,272.7,32.2
10779366,4484,4,2015-10-29T09:49:39Z,35441,505.7,0.0
5391276,251,2,2013-09-05T10:22:53Z,1438,238.6,0.0
5477678,706,1,2013-09-13T06:25:25Z,4137,418.5,0.0
3311482,71,1,2013-01-23T17:54:08Z,101,1022.82,121.502
12532426,5348,8,2016-07-04T19:40:29Z,23050,253.5,6.7
4991120,783,8,2013-08-04T19:44:21Z,2423,237.9,4.9
12301161,3069,8,2016-06-07T12:45:46Z,16462,169.8,0.0
13098428,516,3,2016-09-04T15:00:18Z,989,376.6,42.0
12301142,3458,4,2016-06-07T12:42:21Z,14015,588.9,23.3
732894,3854,7,2011-08-25T16:42:51Z,14871,981.105,58.6
1674837,1536,2,2012-07-03T08:46:38Z,3715,392.581,0.0
8244771,157,8,2014-09-29T18:50:24Z,864,335.6,0.0
8178863,193,12,2014-09-20T15:20:44Z,723,566.2,0.0
5260799,499,11,2013-08-25T17:35:17Z,1392,627.9,9.6
13380227,132,0,2016-10-06T15:31:40Z,488,498.7,29.0
2392319,268,3,2012-09-16T15:14:26Z,916,384.7,27.8
1654620,93,5,2012-06-30T14:23:40Z,299,3552.59,58.2
8734091,99,4,2015-01-06T09:41:40Z,1443,668.5,13.6
8730478,101,2,2015-01-05T15:35:43Z,1415,646.2,12.5
7792769,59,1,2014-08-02T12:01:59Z,160,687.9,0.0
8734566,100,0,2015-01-06T11:59:04Z,797,853.0,20.2
7792818,11,0,2014-08-02T12:09:19Z,415,315.9,0.0
3857590,6700,8,2013-04-17T13:34:35Z,92826,606.72,11.7477
4755533,253,3,2013-07-16T16:02:34Z,1132,501.2,0.0
8726417,147,3,2015-01-04T21:07:14Z,848,966.9,3.6
4835622,165,1,2013-07-22T21:24:25Z,894,392.6,34.4
5213229,142,1,2013-08-21T18:35:53Z,1539,560.5,34.2
8077769,752,9,2014-09-06T21:33:52Z,6269,963.6,3.4
718577,241,5,2011-08-17T06:21:02Z,2029,853.612,29.0
11320352,257,6,2016-02-03T21:33:54Z,1770,867.4,30.2
2142719,6861,6,2012-08-16T12:37:35Z,93838,568.588,16.0918
1333461,428,3,2012-05-05T19:44:41Z,2253,1025.57,82.6
12808726,39,1,2016-08-04T21:42:33Z,679,906.1,35.7
24502532,103,0,2020-06-16T14:48:33Z,1545,341.6,19.8
25503393,7157,10,2020-08-28T19:29:43Z,43008,413.5,16.0
23437861,4862,4,2020-04-13T16:56:06Z,28744,302.1,26.0
20161851,939,3,2019-03-27T08:49:26Z,3061,506.3,2.6
21050281,2399,2,2019-07-03T14:04:39Z,12752,333.8,11.6
13382063,975,1,2016-10-06T19:27:15Z,4248,250.2,14.8
4300880,980,2,2013-06-03T21:39:09Z,2566,305.7,2.8
9681746,4754,14,2015-06-08T19:32:36Z,24762,338.7,30.4
1820746,4030,17,2012-07-24T13:50:14Z,24378,789.48,55.8
19913070,257,1,2019-02-20T19:46:46Z,313,650.2,11.1
25758482,13080,16,2020-09-18T08:53:41Z,406294,502.5,31.4
15013476,15180,48,2017-05-29T19:48:55Z,409614,843.5,37.2
4300752,2715,8,2013-06-03T21:32:29Z,23727,153.8,22.2
2838363,4049,46,2012-11-26T14:03:58Z,14346,245.576,34.5022
6968682,2334,11,2014-04-07T18:23:14Z,10617,4088.9,205.4
5244310,3694,3,2013-08-24T13:30:32Z,15404,1003.3,0.0
10964745,343,0,2015-12-01T18:01:41Z,793,242.9,25.1
11147239,1219,4,2016-01-04T19:21:36Z,5582,398.4,25.8
1316360,788,5,2012-05-02T05:46:13Z,5160,1191.75,64.4
5490343,39,0,2013-09-14T16:35:51Z,67,629.0,10.8
5490211,22,0,2013-09-14T16:26:39Z,28,639.6,30.5
16362686,148,0,2017-10-27T05:56:30Z,386,1694.7,69.4
2355624,158,0,2012-09-11T12:44:11Z,450,937.595,60.0895
9553422,2873,6,2015-05-23T18:44:09Z,21683,216.1,15.6
14736020,45,0,2017-04-29T17:17:41Z,160,437.5,23.6
6809082,2475,7,2014-03-09T14:09:41Z,15849,282.0,8.3
7603690,1692,5,2014-07-08T19:03:07Z,13557,308.8,24.1
4373587,545,3,2013-06-10T19:28:50Z,2644,280.5,21.3
4003711,251,0,2013-05-04T13:25:51Z,769,661.6,44.2
9603437,9643,29,2015-05-29T18:02:05Z,183677,155.9,2.9
18901229,6847,7,2018-09-20T12:53:14Z,93927,471.4,20.4
5781638,6726,12,2013-10-15T11:20:31Z,91282,692.6,0.0
17790891,2963,8,2018-05-28T12:11:05Z,40140,776.8,10.9
8285282,153,4,2014-10-05T21:55:52Z,1347,755.4,2.2
4689618,2820,4,2013-07-11T07:18:21Z,25717,814.1,0.0
1347953,258,8,2012-05-08T08:37:13Z,4413,254.918,2.38539
10437165,838,1,2015-09-09T18:26:14Z,3493,355.1,0.0
26026717,4560,5,2020-10-11T15:45:53Z,28839,737.7,10.2
4120097,3847,6,2013-05-16T06:36:02Z,48088,938.1,22.6
8971628,3909,2,2015-02-25T13:21:01Z,26675,640.2,0.0
1774806,3738,9,2012-07-18T07:59:43Z,67475,405.293,16.482
5560235,2545,6,2013-09-21T21:48:13Z,56678,123.0,0.0
1320222,1050,2,2012-05-02T21:32:04Z,6308,505.586,49.0327
15206440,3908,6,2017-06-20T09:50:16Z,18434,524.2,43.4
25576587,382,30,2020-09-03T17:22:39Z,3146,5333.0,161.8
25591813,611,1,2020-09-05T01:49:53Z,6008,354.1,0.0
23148353,1763,5,2020-03-24T08:53:46Z,35955,307.6,2.4
6963570,4086,5,2014-04-06T21:58:30Z,19210,485.7,17.9
5227320,2273,4,2013-08-22T21:07:31Z,42560,142.9,0.0
24927969,2851,5,2020-07-17T21:34:38Z,17107,301.7,39.8
7538004,1006,1,2014-06-29T18:51:59Z,3517,188.4,0.0
23139860,1510,3,2020-03-23T09:25:15Z,12259,375.1,12.0
4176245,230,6,2013-05-21T20:34:58Z,344,181.2,29.2
18076057,584,1,2018-06-27T20:12:25Z,2506,1655.4,6.1
1368439,129,1,2012-05-12T16:54:33Z,178,195.959,41.2175
7843523,78,2,2014-08-08T09:48:19Z,340,166.8,10.0
7332598,493,4,2014-06-01T10:52:05Z,4939,258.2,19.6
4123830,259,1,2013-05-16T17:58:17Z,1342,164.9,14.4
11108167,2174,5,2015-12-29T17:47:33Z,15400,210.3,12.2
4496926,671,4,2013-06-23T10:40:33Z,4493,425.8,32.5
4116059,147,0,2013-05-15T19:10:33Z,750,394.7,27.8
4488220,40,1,2013-06-22T15:17:36Z,98,368.7,89.0
7218567,122,0,2014-05-15T18:59:59Z,371,2910.7,47.2
25474773,1710,8,2020-08-26T14:55:06Z,10561,348.8,20.9
9253924,178,0,2015-04-13T21:24:04Z,645,539.1,16.8
2203918,258,4,2012-08-23T20:01:12Z,1487,121.541,0.0
25881981,112,1,2020-09-28T11:48:39Z,293,305.0,24.4
9943540,935,2,2015-07-13T08:27:40Z,7824,171.7,3.3
15384590,2379,2,2017-07-10T08:55:00Z,27702,571.7,21.7
24496619,2187,7,2020-06-16T03:38:10Z,17744,743.9,19.6
726688,1921,10,2011-08-20T21:35:35Z,22717,337.9,26.6
14418101,35,1,2017-03-23T20:43:32Z,72,405.7,6.8
11774288,7110,10,2016-04-09T22:37:28Z,97749,345.0,0.0
18045978,922,2,2018-06-24T19:48:01Z,12986,330.2,8.9
1361763,6718,15,2012-05-11T06:32:25Z,81298,429.37,16.654
740641,7197,25,2011-08-31T20:27:59Z,97317,265.407,0.0
14420651,566,3,2017-03-24T09:09:53Z,9627,462.6,0.0
14420638,120,0,2017-03-24T09:07:53Z,988,443.6,6.4
14420621,14,0,2017-03-24T09:05:10Z,35,374.6,6.2
8412429,8974,6,2014-10-27T06:23:21Z,82012,627.8,5.4
5455839,277,2,2013-09-10T19:48:00Z,1960,276.5,19.7
27000377,506,0,2021-01-14T13:41:03Z,4781,337.1,14.3
27957677,699,2,2021-04-10T11:08:49Z,3619,2239.6,10.7
5096735,113,4,2013-08-12T20:00:31Z,679,1407.9,11.0
4218832,372,2,2013-05-26T18:55:46Z,3422,261.1,16.8
17625762,38,0,2018-05-10T18:50:59Z,437,573.3,7.8
1905677,201,2,2012-07-30T15:11:13Z,2696,110.934,6.26775
5637458,1076,8,2013-09-29T16:56:30Z,9948,121.7,0.0
1905855,1354,2,2012-07-30T15:24:39Z,8182,173.069,16.854
13811032,28,2,2016-12-15T09:20:10Z,549,274.0,7.0
1475426,273,1,2012-05-30T06:46:03Z,1277,456.941,20.1843
24913228,253,101,2020-07-16T18:29:33Z,3607,3664.3,129.0
10272380,2716,4,2015-08-20T17:23:53Z,20375,1023.0,20.8
16275615,930,3,2017-10-15T18:59:14Z,9132,318.2,25.2
20477018,147,1,2019-05-02T06:23:56Z,639,29720.5,350.8
7350181,90,1,2014-06-03T12:16:58Z,778,436.1,0.0
20787793,7434,8,2019-06-05T07:05:32Z,93875,1184.1,20.4
4402252,5207,7,2013-06-13T20:27:45Z,27199,813.8,34.4
1291603,259,8,2012-04-27T21:32:05Z,821,348.15,23.0
12263158,113,3,2016-06-03T06:40:17Z,748,274.1,0.0
8204499,2563,3,2014-09-23T20:01:47Z,18880,309.3,0.0
4189324,1773,4,2013-05-23T12:36:38Z,12029,403.7,31.9
6062580,767,0,2013-11-21T18:15:47Z,5434,277.5,2.4
7765876,1290,2,2014-07-29T20:52:27Z,9299,550.5,7.4
1140565,1732,8,2012-03-26T20:51:54Z,9078,269.025,21.91
13013298,145,3,2016-08-26T08:57:44Z,356,19872.5,561.5
5074546,128,0,2013-08-11T13:53:33Z,413,429.7,17.3
18016744,48,0,2018-06-21T12:55:46Z,234,420.3,14.1
4732167,143,1,2013-07-14T20:12:30Z,399,19905.7,574.1
5663915,164,3,2013-10-02T11:18:38Z,459,177.6,29.0
2240150,3363,8,2012-08-28T07:49:03Z,26273,957.917,0.0
8097568,2924,6,2014-09-09T09:51:46Z,17377,788.9,4.6
20867807,2003,2,2019-06-13T19:25:15Z,14321,309.4,22.4
6062561,226,4,2013-11-21T18:12:26Z,1458,295.6,0.0
4325621,2484,3,2013-06-06T12:26:15Z,30189,396.3,7.3
21387306,98,1,2019-08-06T09:59:10Z,844,2786.1,80.0
1133094,5687,15,2012-03-25T15:06:43Z,37102,65.0,4.6
7984277,12257,18,2014-08-25T16:05:33Z,153464,232.7,9.4
5404631,567,15,2013-09-06T16:41:59Z,4053,249.1,16.6
4097886,311,3,2013-05-13T16:10:09Z,818,615.2,22.5
9671008,1157,10,2015-06-07T17:39:23Z,4890,357.9,12.9
26516880,2568,4,2020-11-22T21:39:53Z,35953,352.4,5.8
18025447,1426,2,2018-06-22T13:26:27Z,10291,386.9,12.4
21596461,893,3,2019-08-26T07:20:01Z,4014,318.1,9.2
18426393,635,1,2018-08-03T18:32:55Z,3100,329.8,0.0
2273641,5110,25,2012-09-01T17:08:26Z,33223,152.102,5.98956
880898,1720,3,2011-12-29T17:40:16Z,8727,798.24,83.111
3806352,543,4,2013-04-11T06:44:38Z,2135,416.366,0.0
660175,14713,23,2011-05-31T20:54:47Z,174837,483.03,12.6
10263049,15654,45,2015-08-19T15:45:11Z,269022,409.7,7.0
5947793,11550,18,2013-11-04T21:19:26Z,108891,595.9,0.0
13237368,6925,13,2016-09-19T14:48:30Z,152543,1362.6,0.0
1566712,16479,26,2012-06-15T07:07:51Z,257617,392.651,8.44461
2351222,3480,14,2012-09-10T19:26:09Z,37743,276.282,24.0
10248163,9426,10,2015-08-17T20:38:09Z,78348,305.8,8.0
26057056,3986,4,2020-10-14T06:51:48Z,42581,588.4,0.0
10213144,3395,15,2015-08-13T21:03:35Z,25175,216.7,0.0
15294233,5519,5,2017-06-30T08:54:44Z,50480,573.6,10.4
5781414,3481,5,2013-10-15T10:33:11Z,24011,436.4,0.0
9630655,4506,18,2015-06-02T08:21:13Z,40457,118.9,2.6
723335,4650,16,2011-08-19T09:28:46Z,39715,151.819,0.0
21043498,1523,6,2019-07-02T19:38:31Z,7789,301.9,9.6
1609588,15615,24,2012-06-22T06:40:29Z,157862,890.643,20.3064
15899001,1603,1,2017-08-31T07:32:47Z,5833,1176.6,34.2
8632230,1063,1,2014-12-14T12:37:22Z,4984,956.5,18.9
8544474,2250,15,2014-11-22T16:38:23Z,20205,90.8,3.4
4692053,778,2,2013-07-11T13:16:56Z,2559,385.6,88.0
9318505,10002,34,2015-04-22T11:42:01Z,80248,274.0,8.6
10606619,7931,13,2015-10-03T12:05:50Z,84231,237.6,5.2
10686691,9017,21,2015-10-14T18:43:23Z,83888,218.0,7.2
12502745,1754,5,2016-07-01T09:07:36Z,21267,437.8,7.5
19086381,323,1,2018-10-12T15:34:45Z,974,23219.2,382.9
16538290,8091,6,2017-11-22T20:33:59Z,63422,579.5,0.0
17614171,2901,3,2018-05-09T15:11:24Z,14984,417.4,16.8
741849,7995,20,2011-09-01T21:42:07Z,52441,455.32,18.6
6831196,715,8,2014-03-13T13:15:09Z,2641,315.3,12.1
14375745,611,1,2017-03-18T08:56:49Z,1122,391.2,22.6
7835262,7841,15,2014-08-07T10:38:36Z,123784,283.7,5.7
11628182,9639,14,2016-03-22T19:42:15Z,93071,302.8,0.0
7835255,12577,17,2014-08-07T10:37:44Z,127508,276.0,0.0
10652238,6723,5,2015-10-09T21:01:02Z,61681,457.4,15.1
22835618,2399,5,2020-02-10T16:46:56Z,20684,556.4,13.9
14496158,1335,2,2017-04-02T19:08:52Z,16082,401.7,6.0
21881909,59,0,2019-09-23T17:36:50Z,551,363.7,3.2
15005986,358,2,2017-05-29T06:51:23Z,791,409.0,0.0
7243215,56,0,2014-05-19T09:57:58Z,117,539.7,0.0
21794153,59,0,2019-09-14T20:51:17Z,559,435.6,12.1
21746345,47,0,2019-09-09T17:32:56Z,229,832.2,14.4
22075067,61,0,2019-10-16T21:12:45Z,507,623.9,9.5
8118788,10,3,2014-09-12T08:16:48Z,22,1700.9,54.4
9462310,14128,32,2015-05-11T17:19:58Z,132056,976.8,39.5
15370958,252,2,2017-07-08T21:43:22Z,1676,546.2,23.0
5610784,495,26,2013-09-26T21:26:04Z,4783,281.0,0.0
21166981,1974,4,2019-07-15T14:44:54Z,19907,309.4,20.6
21153714,1566,1,2019-07-14T13:57:21Z,18276,617.7,23.8
9372774,972,5,2015-04-29T18:28:34Z,5129,339.2,4.1
3428511,757,1,2013-02-13T21:46:30Z,5126,396.247,0.0
5781561,2658,9,2013-10-15T11:01:35Z,20838,326.2,7.9
2904123,9694,17,2012-12-04T21:22:16Z,96746,925.679,4.50056
7943246,7685,23,2014-08-20T14:26:22Z,96588,695.8,0.0
1604449,3141,11,2012-06-21T07:07:39Z,31728,319.587,9.99102
4111999,2462,12,2013-05-15T07:25:10Z,22091,437.5,21.3
1735717,8386,24,2012-07-12T14:14:01Z,95528,697.516,26.9584
3290250,15,0,2013-01-19T21:33:24Z,18,105.183,0.0
7748580,1715,2,2014-07-27T20:24:15Z,12598,804.9,0.0
19046699,25,0,2018-10-07T19:03:47Z,50,304.8,24.2
17055163,594,3,2018-02-22T07:48:56Z,12291,858.3,0.0
18901561,561,1,2018-09-20T13:31:57Z,2895,680.7,22.6
17408523,1049,2,2018-04-16T17:56:07Z,16556,560.9,0.0
5120168,907,1,2013-08-14T18:26:59Z,18114,805.2,0.0
37247568,48,0,2024-07-04T15:12:00Z,440,1761.4,22.2529
17980881,697,2,2018-06-17T18:52:10Z,2097,615.4,0.0
1567736,2295,3,2012-06-15T13:49:07Z,31323,394.072,16.3666
5772790,2164,9,2013-10-14T10:09:03Z,39598,294.4,6.0
4305227,671,1,2013-06-04T12:59:53Z,2255,255.6,36.0
12568539,1264,11,2016-07-08T20:38:43Z,6513,294.7,0.0
8430319,121,4,2014-10-30T07:27:09Z,324,273.8,0.0
25584032,192,7,2020-09-04T10:36:10Z,628,5823.8,92.0
25584044,16,2,2020-09-04T10:37:27Z,31,11698.4,189.0
11901796,10370,37,2016-04-24T14:24:31Z,150900,136.5,10.8
1329024,7155,35,2012-05-04T20:32:46Z,75017,446.61,17.4
13294934,727,7,2016-09-26T08:41:21Z,5666,8316.9,119.4
7950089,697,1,2014-08-21T11:28:42Z,1922,1126.1,23.7
20498707,197,2,2019-05-04T16:47:26Z,786,5964.5,86.0
13294952,275,2,2016-09-26T08:43:49Z,976,11688.7,238.8
21481495,795,2,2019-08-15T09:03:28Z,2796,742.0,0.0
29970707,12134,1,2021-09-26T13:17:50Z,96675,1392.6,2.0
8544093,3225,14,2014-11-22T15:31:24Z,33863,589.0,15.4
15461302,3492,8,2017-07-18T08:26:51Z,32884,606.3,0.0
2134356,1113,3,2012-08-15T12:58:08Z,14465,1303.69,8.29856
2378161,5905,6,2012-09-14T18:41:45Z,47192,907.986,28.4868
25346073,15299,11,2020-08-16T22:41:12Z,243155,573.7,36.4
13071982,16601,19,2016-09-01T12:36:57Z,251905,266.3,15.6
7900960,21736,23,2014-08-15T11:06:31Z,277100,102.9,0.0
8546289,3680,10,2014-11-22T22:42:52Z,28328,298.1,6.9
14308014,3847,9,2017-03-08T12:16:07Z,29462,560.0,8.0
26151924,1456,1,2020-10-23T07:32:57Z,6765,497.8,11.1
681295,1761,2,2011-07-13T13:04:53Z,8402,796.04,115.8
9234060,1590,2,2015-04-11T15:57:53Z,3627,494.5,11.5
