<?xml version="1.0"?>
<!--<!DOCTYPE metadata SYSTEM "http://www.esri.com/metadata/esriprof80.dtd">-->
<metadata xml:lang="nb"><Esri><CreaDate>20150115</CreaDate><CreaTime>17333700</CreaTime><SyncOnce>TRUE</SyncOnce><DataProperties><lineage><Process ToolSource="c:\Program Files\ArcGIS\ArcToolbox\Toolboxes\Data Management Tools.tbx\DefineProjection" Date="20080903" Time="094952">DefineProjection Z:\geg1240\N50\N50_vektor\n18141vannf.shp PROJCS['WGS_1984_UTM_Zone_32N',GEOGCS['GCS_WGS_1984',DATUM['D_WGS_1984',SPHEROID['WGS_1984',6378137.0,298.257223563]],PRIMEM['Greenwich',0.0],UNIT['Degree',0.0174532925199433]],PROJECTION['Transverse_Mercator'],PARAMETER['False_Easting',500000.0],PARAMETER['False_Northing',0.0],PARAMETER['Central_Meridian',9.0],PARAMETER['Scale_Factor',0.9996],PARAMETER['Latitude_Of_Origin',0.0],UNIT['Meter',1.0]] Z:\geg1240\N50\N50_vektor\n18141vannf.shp</Process></lineage><itemProps><itemLocation><linkage Sync="TRUE">file://\\vann\felles\kurs\GEG2250\Data\GIS-1\Water</linkage><protocol Sync="TRUE">Local Area Network</protocol></itemLocation></itemProps><copyHistory><copy source="K:\gggruppe-data\geomatikk\geg2230\N50\N50_vector\n18141waterf" dest="\\vann\felles\kurs\GEG2250\Data\GIS-1\Water" date="20150115" time="17333700"></copy></copyHistory></DataProperties></Esri></metadata>
